{"cameraMode":{"drawMode":0,"name":"Shaded","section":"Shading Mode"},"sceneLighting":false,"audioPlay":false,"sceneViewState":{"m_AlwaysRefresh":false,"showFog":true,"showSkybox":false,"showFlares":true,"showImageEffects":true,"showParticleSystems":true,"showVisualEffectGraphs":true,"m_FxEnabled":true},"in2DMode":false,"pivot":{"x":-14.385180473327637,"y":4.515698432922363,"z":0.3024616241455078},"rotation":{"x":0.1479509323835373,"y":-0.005931403953582048,"z":0.0008950812043622136,"w":0.9889608025550842},"size":3.70141863822937,"orthographic":true}