{"cameraMode":{"drawMode":0,"name":"Shaded","section":"Shading Mode"},"sceneLighting":true,"audioPlay":false,"sceneViewState":{"m_AlwaysRefresh":false,"showFog":true,"showSkybox":true,"showFlares":true,"showImageEffects":true,"showParticleSystems":true,"showVisualEffectGraphs":true,"m_FxEnabled":true},"in2DMode":false,"pivot":{"x":-9.101000785827637,"y":1.159999966621399,"z":0.003788471221923828},"rotation":{"x":0.04943067952990532,"y":-0.04492729529738426,"z":0.0022297403775155546,"w":0.9977670907974243},"size":4.915068626403809,"orthographic":true}