{"cameraMode":{"drawMode":0,"name":"Shaded","section":"Shading Mode"},"sceneLighting":true,"audioPlay":false,"sceneViewState":{"m_AlwaysRefresh":false,"showFog":true,"showSkybox":true,"showFlares":true,"showImageEffects":true,"showParticleSystems":true,"showVisualEffectGraphs":true,"m_FxEnabled":true},"in2DMode":false,"pivot":{"x":-3.6700000762939455,"y":3.2799999713897707,"z":0.3024616241455078},"rotation":{"x":0.02696063183248043,"y":-0.0524539053440094,"z":0.0014149484923109413,"w":0.998247504234314},"size":3.7297544479370119,"orthographic":true}