{"cameraMode":{"drawMode":0,"name":"Shaded","section":"Shading Mode"},"sceneLighting":true,"audioPlay":false,"sceneViewState":{"m_AlwaysRefresh":false,"showFog":true,"showSkybox":true,"showFlares":true,"showImageEffects":true,"showParticleSystems":true,"showVisualEffectGraphs":true,"m_FxEnabled":true},"in2DMode":false,"pivot":{"x":-6.520875453948975,"y":2.5543994903564455,"z":0.003788573667407036},"rotation":{"x":0.03592831268906593,"y":-0.05992205813527107,"z":0.002162367105484009,"w":0.997550904750824},"size":7.378088474273682,"orthographic":true}