{"cameraMode":{"drawMode":0,"name":"Shaded","section":"Shading Mode"},"sceneLighting":true,"audioPlay":false,"sceneViewState":{"m_AlwaysRefresh":false,"showFog":true,"showSkybox":true,"showFlares":true,"showImageEffects":true,"showParticleSystems":true,"showVisualEffectGraphs":true,"m_FxEnabled":true},"in2DMode":false,"pivot":{"x":0.22426682710647584,"y":7.204920768737793,"z":0.13008499145507813},"rotation":{"x":0.052475705742836,"y":-0.005989419762045145,"z":0.0003130967088509351,"w":0.9985935091972351},"size":7.880600929260254,"orthographic":true}