{"cameraMode":{"drawMode":0,"name":"Shaded","section":"Shading Mode"},"sceneLighting":true,"audioPlay":false,"sceneViewState":{"m_AlwaysRefresh":false,"showFog":true,"showSkybox":true,"showFlares":true,"showImageEffects":true,"showParticleSystems":true,"showVisualEffectGraphs":true,"m_FxEnabled":true},"in2DMode":false,"pivot":{"x":-9.013267517089844,"y":2.06000018119812,"z":-2.0955002307891847},"rotation":{"x":-0.0703643411397934,"y":0.04727393761277199,"z":-0.0033550402149558069,"w":-0.9964279532432556},"size":12.738966941833496,"orthographic":true}