{"cameraMode":{"drawMode":0,"name":"Shaded","section":"Shading Mode"},"sceneLighting":true,"audioPlay":false,"sceneViewState":{"m_AlwaysRefresh":false,"showFog":true,"showSkybox":true,"showFlares":true,"showImageEffects":true,"showParticleSystems":true,"showVisualEffectGraphs":true,"m_FxEnabled":true},"in2DMode":false,"pivot":{"x":-14.385180473327637,"y":4.515698432922363,"z":0.3024616539478302},"rotation":{"x":0.28807318210601809,"y":-0.14011749625205995,"z":0.042660243809223178,"w":0.9463244676589966},"size":39.911041259765628,"orthographic":true}