{"cameraMode":{"drawMode":0,"name":"Shaded","section":"Shading Mode"},"sceneLighting":false,"audioPlay":false,"sceneViewState":{"m_AlwaysRefresh":false,"showFog":true,"showSkybox":false,"showFlares":true,"showImageEffects":true,"showParticleSystems":true,"showVisualEffectGraphs":true,"m_FxEnabled":true},"in2DMode":false,"pivot":{"x":-3.6530911922454836,"y":1.2384315729141236,"z":-1.1920928955078126e-7},"rotation":{"x":0.04348711669445038,"y":-0.0044930363073945049,"z":0.00019881586194969714,"w":0.9990404844284058},"size":4.7337822914123539,"orthographic":true}