{"cameraMode":{"drawMode":0,"name":"Shaded","section":"Shading Mode"},"sceneLighting":false,"audioPlay":false,"sceneViewState":{"m_AlwaysRefresh":false,"showFog":true,"showSkybox":false,"showFlares":true,"showImageEffects":true,"showParticleSystems":true,"showVisualEffectGraphs":true,"m_FxEnabled":true},"in2DMode":false,"pivot":{"x":-8.985000610351563,"y":-0.6797045469284058,"z":0.09000001847743988},"rotation":{"x":0.0269903726875782,"y":0.023991523310542108,"z":-0.0006447812193073332,"w":0.9993443489074707},"size":6.173475742340088,"orthographic":true}